{
  "name": "renaissance",
  "title": "Renaissance",
  "description": "The Renaissance d100 system for FoundryVTT!",
  "version": "1.0.4",
  "minimumCoreVersion": "0.7.5",
  "compatibleCoreVersion": "0.7.9",
  "templateVersion": 2,
  "author": "John Doe",
  "esmodules": ["module/renaissance.js"],
  "styles": ["css/renaissance.css"],
  "scripts": [],
  "packs": [
    {
      "name": "commmonSkills",
      "label": "Commons Skills",
      "system": "renaissance",
      "path": "./packs/common-skills.db",
      "entity": "Item"
    },{
      "name": "armour",
      "label": "Armour",
      "system": "renaissance",
      "path": "./packs/armour.db",
      "entity": "Item"
    },{
      "name": "advancedSkills",
      "label": "Advanced Skills",
      "system": "renaissance",
      "path": "./packs/advanced-skills.db",
      "entity": "Item"
    },{
      "name": "bestiary",
      "label": "Bestiary",
      "system": "renaissance",
      "path": "./packs/bestiary.db",
      "entity": "Actor"
    },{
      "name": "closeCombatWeapons",
      "label": "Close Combat Weapons",
      "system": "renaissance",
      "path": "./packs/close-combat-weapons.db",
      "entity": "Item"
    },{
      "name": "blackPowderWeapons",
      "label": "Black Powder Weapons",
      "system": "renaissance",
      "path": "./packs/black-powder-weapons.db",
      "entity": "Item"
    },{
      "name": "rangedWeapons",
      "label": "Ranged Weapons",
      "system": "renaissance",
      "path": "./packs/ranged-weapons.db",
      "entity": "Item"
    }
  ],
  "languages": [
    {
      "lang": "en",
      "name": "English",
      "path": "lang/en.json"
    }
  ],
  "gridDistance": 5,
  "gridUnits": "ft",
  "primaryTokenAttribute": "health",
  "secondaryTokenAttribute": "power",
  "url": "https://github.com/chekmx/renaissance_foundry_vtt",
  "manifest": "https://raw.githubusercontent.com/chekmx/renaissance_foundry_vtt/master/system.json",
  "download": "https://github.com/chekmx/renaissance_foundry_vtt/raw/master/renaissance.zip",
  "license": "LICENSE.txt"
}
