{
  "Actor": {
    "types": ["character", "creature"],
    "templates": {
      "base": {
        "combatOrder": "1",
        "health": {
          "value": 10,
          "min": 0,
          "max": 10
        },
        "abilities": {
          "str": {
            "fullname": "Strength",
            "value": 10
          },
          "con": {
            "fullname": "Constitution",
            "value": 10
          },
          "siz": {
            "fullname": "Size",
            "value": 10
          },  
          "int": {
            "fullname": "Intelligence",
            "value": 10
          },
          "pow": {
            "fullname": "Power",
            "value": 10
          },
          "dex": {
            "fullname": "Dexterity",
            "value": 10
          },
          "cha": {
            "fullname": "Charisma",
            "value": 10
          }
        }
      }
    },
    "character": {
      "templates": ["base"],
      "magick": 0,
      "biography": "",
      "nationality": "",
      "age": 0,
      "homeland": "",
      "gender": "",
      "social": "",
      "profession": "",
      "family" : "",
      "connections": "",
      "politics": "",
      "orderTypes": ["Combat", "Spell"],
      "orderType": "",
      "sanity": {
        "value": 5,
        "min": 0,
        "max": 5
      },
      "majorSanityLevel": 0,
      "righteousnessPoints": 0,
      "faction": "",
      "factionZeal": "",
      "heropoints": 0,
      "improvementPoints": 0,
      "attributes": {
        "level": {
          "value": 1
        }
      }
    },
    "creature": {
      "templates": ["base"],
      "movement": 0,
      "armour":{
        "name": "",
        "points": "",
        "gunPoints": ""
      }
    }
  },
  "Item": {
    "types": ["item", "skill", "spell", "fatigue", "weapon", "armour", "faction", "spellTraits"],
    "templates": {
      "base": {
        "description": ""
      }
    },
    "item": {
      "templates": ["base"],
      "quantity": 1,
      "weight": 0
    },
    "skill": {
      "templates": ["base"],
      "base1": "",
      "base2": "",
      "baseSkill": "0",
      "value": "0"
    },
    "spell": {
      "templates": ["base"],
      "skill": 0,
      "area" : 0,
      "charm" : false,
      "concentration" : false,
      "distant" : false,
      "duration" : 0,
      "eyeContact" : false,
      "instant": false,
      "magnitude" : 0,
      "progressive" : false,
      "ranged" : false,
      "resist" : "",
      "touch" : false,
      "trigger" : false
    },
    "spellTraits": {
      "templates": ["base"],
      "value": ""
    },
    "armour" :{
      "templates": ["item"],
      "type": "None",
      "points": 0,
      "gunPoints": 0
    },
    "fatigue": {
      "templates": ["base"],
      "level": "Fresh",
      "skill": 0,
      "movement": 0,
      "order": "0",
      "other": ""
    },
    "weapon": {
      "templates": ["item"],
      "skill": 0,
      "size": "",
      "damage": "",
      "minimumStr": "",
      "minimumDex": "",
      "notes": "",
      "range": "",
      "load": "",
      "encumberance": ""
    },
    "faction": {
      "allies" :[],
      "enemies": [],
      "zeal" : 0,
      "beliefs" : ""
    }
  }
}
